,Pattern_ID,p_count
0,-4151,252
1,-4152,210
2,-3173,140
3,-3174,113
4,-351,41
5,-2096,36
6,-3272,35
7,-3709,34
8,-233,33
9,-3267,33
10,-3810,32
11,-5369,32
12,-197,32
13,-350,32
14,-2759,31
15,-3381,31
16,-2921,31
17,-718,30
18,-3708,30
19,-2368,30
20,-1751,29
21,-3298,29
22,-653,29
23,-5761,29
24,-5525,29
25,-2552,28
26,-3073,28
27,-4704,28
28,-523,27
29,-2758,27
30,-3297,27
31,-198,26
32,-1606,26
33,-201,26
34,-1039,26
35,-4503,26
36,-480,25
37,-4590,25
38,-199,25
39,-200,25
40,-5527,25
41,-2095,25
42,-479,24
43,-4555,24
44,-3194,24
45,-2551,24
46,-5793,24
47,-3271,24
48,-3380,24
49,-4589,24
50,-3816,24
51,-4547,23
52,-2481,23
53,-3722,23
54,-2770,23
55,-652,23
56,-4497,22
57,-733,22
58,-2581,22
59,-5792,21
60,-3201,21
61,-2369,21
62,-4576,21
63,-4502,20
64,-487,20
65,-5323,20
66,-628,20
67,-5288,20
68,-3921,20
69,-3202,20
70,-499,19
71,-3811,19
72,-629,19
73,-3273,19
74,-717,19
75,-3157,19
76,-3815,19
77,-2480,18
78,-4165,18
79,-524,18
80,-5526,18
81,-3296,18
82,-1038,18
83,-3938,17
84,-3916,17
85,-640,17
86,-627,17
87,-2193,17
88,-305,17
89,-5411,16
90,-7,16
91,-4119,16
92,-3074,16
93,-3269,16
94,-3200,15
95,-2370,15
96,-4354,15
97,-2062,15
98,-3172,15
99,-4546,15
100,-3158,15
101,-731,15
102,-3993,15
103,-5092,15
104,-1944,15
105,-3707,14
106,-3382,14
107,-4163,14
108,-4164,14
109,-196,14
110,-500,14
111,-2479,14
112,-5287,13
113,-2194,13
114,-2920,13
115,-5277,13
116,-665,13
117,-2768,13
118,-3915,13
119,-3817,13
120,-5324,13
121,-4554,13
122,-4744,12
123,-719,12
124,-5791,12
125,-498,12
126,-4553,12
127,-4575,11
128,-5759,11
129,-3156,11
130,-4702,11
131,-4425,11
132,-4591,11
133,-2061,11
134,-5276,11
135,-4803,10
136,-4501,10
137,-2769,10
138,-3818,10
139,-5370,10
140,-2737,10
141,-8,10
142,-2094,10
143,-5202,10
144,-4356,10
145,-4011,10
146,-235,9
147,-3195,9
148,-3196,9
149,-1943,9
150,-4805,9
151,-3920,9
152,-651,9
153,-234,9
154,-565,9
155,-4012,9
156,-4355,9
157,-3936,9
158,-4424,9
159,-3820,9
160,-4498,9
161,-4566,9
162,-4118,9
163,-2063,9
164,-3268,9
165,-732,8
166,-352,8
167,-3711,8
168,-306,8
169,-4574,8
170,-2476,8
171,-3175,8
172,-664,8
173,-3768,8
174,-3721,8
175,-5412,8
176,-1129,7
177,-1188,7
178,-525,7
179,-4188,7
180,-600,7
181,-2662,7
182,-3937,7
183,-1148,7
184,-4931,7
185,-5238,7
186,-229,7
187,-710,7
188,-478,7
189,-5760,7
190,-5093,7
191,-1434,7
192,-486,7
193,-3799,7
194,-3088,7
195,-3361,6
196,-4240,6
197,-189,6
198,-3727,6
199,-4512,6
200,-4810,6
201,-2082,6
202,-485,6
203,-1605,6
204,-1637,6
205,-1362,6
206,-1924,6
207,-5400,6
208,-1264,6
209,-4328,6
210,-4125,6
211,-5743,6
212,-3537,6
213,-1390,6
214,-4743,6
215,-1583,6
216,-5027,6
217,-1141,6
218,-5682,6
219,-4703,6
220,-4266,6
221,-536,6
222,-4120,6
223,-5371,6
224,-4989,6
225,-1099,6
226,-4225,6
227,-1417,6
228,-1691,6
229,-5080,6
230,-1014,6
231,-1809,6
232,-5493,6
233,-64,6
234,-5401,6
235,-1070,6
236,-1157,6
237,-5646,6
238,-5094,6
239,-2614,6
240,-1004,6
241,-2580,6
242,-4038,6
243,-4086,6
244,-2600,5
245,-2467,5
246,-5337,5
247,-5317,5
248,-539,5
249,-3756,5
250,-5825,5
251,-1763,5
252,-3513,5
253,-5233,5
254,-3048,5
255,-4327,5
256,-5577,5
257,-5585,5
258,-1861,5
259,-1074,5
260,-1295,5
261,-3396,5
262,-5569,5
263,-324,5
264,-3332,5
265,-3137,5
266,-231,5
267,-191,5
268,-1445,5
269,-5815,5
270,-5529,5
271,-1359,5
272,-2667,5
273,-3608,5
274,-1995,5
275,-108,5
276,-5404,5
277,-4202,5
278,-3792,5
279,-4173,5
280,-2569,5
281,-2141,5
282,-3589,5
283,-4913,5
284,-535,5
285,-4757,5
286,-4690,5
287,-2449,5
288,-4484,5
289,-2760,5
290,-682,5
291,-3712,5
292,-5009,5
293,-5081,5
294,-4314,5
295,-2254,5
296,-2177,5
297,-1370,5
298,-4063,5
299,-4204,5
300,-2142,5
301,-4705,5
302,-2105,5
303,-1210,5
304,-2617,5
305,-2746,5
306,-4878,5
307,-1197,5
308,-1222,5
309,-4671,5
310,-5008,5
311,-1400,5
312,-726,5
313,-4432,5
314,-5486,5
315,-3431,5
316,-5351,5
317,-5462,5
318,-2797,5
319,-2687,5
320,-5187,5
321,-2829,5
322,-4583,5
323,-5203,5
324,-4654,5
325,-4499,5
326,-5586,5
327,-2738,5
328,-5275,5
329,-2477,5
330,-1852,5
331,-4751,5
332,-4395,5
333,-1232,5
334,-2613,5
335,-2757,5
336,-5086,5
337,-4033,5
338,-1985,5
339,-3235,5
340,-2846,5
341,-3259,5
342,-789,5
343,-1922,5
344,-104,5
345,-630,5
346,-2263,5
347,-4262,5
348,-3323,5
349,-5582,5
350,-488,5
351,-2871,4
352,-2568,4
353,-4950,4
354,-188,4
355,-4865,4
356,-5267,4
357,-5762,4
358,-2796,4
359,-5001,4
360,-5098,4
361,-2772,4
362,-2083,4
363,-598,4
364,-274,4
365,-415,4
366,-5283,4
367,-5778,4
368,-2678,4
369,-5634,4
370,-407,4
371,-4241,4
372,-2417,4
373,-4829,4
374,-4844,4
375,-823,4
376,-538,4
377,-4242,4
378,-28,4
379,-2126,4
380,-599,4
381,-4971,4
382,-2195,4
383,-688,4
384,-2834,4
385,-5099,4
386,-4873,4
387,-3099,4
388,-2821,4
389,-711,4
390,-1073,4
391,-3075,4
392,-4548,4
393,-1358,4
394,-178,4
395,-5402,4
396,-3594,4
397,-5643,4
398,-1585,4
399,-1487,4
400,-300,4
401,-5683,4
402,-1092,4
403,-1013,4
404,-3724,4
405,-3228,4
406,-1646,4
407,-232,4
408,-3355,4
409,-5729,4
410,-5579,4
411,-990,4
412,-5087,4
413,-3786,4
414,-3813,4
415,-2363,4
416,-5354,4
417,-3328,4
418,-3336,4
419,-4482,4
420,-1140,4
421,-1435,4
422,-4150,4
423,-3757,4
424,-5587,4
425,-1372,4
426,-1607,4
427,-5491,4
428,-508,4
429,-3253,4
430,-2503,4
431,-2904,4
432,-3123,4
433,-1019,4
434,-1076,4
435,-3076,4
436,-1361,4
437,-1894,4
438,-10,4
439,-4076,4
440,-4044,4
441,-1614,4
442,-1803,4
443,-991,4
444,-376,4
445,-2750,4
446,-5127,4
447,-1859,4
448,-1862,4
449,-3909,4
450,-320,4
451,-1404,4
452,-5523,4
453,-3164,4
454,-3482,4
455,-4562,4
456,-432,4
457,-1347,4
458,-3771,4
459,-5748,4
460,-2365,4
461,-4874,4
462,-1402,4
463,-2010,4
464,-2827,4
465,-1072,4
466,-3710,4
467,-1664,4
468,-1682,4
469,-507,4
470,-1040,4
471,-4651,4
472,-964,4
473,-230,4
474,-5583,4
475,-6,4
476,-4451,4
477,-5524,4
478,-1613,4
479,-4181,4
480,-1760,4
481,-1144,4
482,-5588,4
483,-1120,4
484,-1242,4
485,-1486,4
486,-3430,4
487,-4261,4
488,-4577,4
489,-1226,4
490,-3911,4
491,-2178,4
492,-1208,4
493,-1096,4
494,-4818,4
495,-5204,4
496,-4104,4
497,-2182,4
498,-5686,4
499,-2202,4
500,-2210,4
501,-3333,4
502,-1320,4
503,-4423,4
504,-603,4
505,-3865,4
506,-2068,4
507,-2016,4
508,-673,4
509,-5014,4
510,-1389,4
511,-4672,4
512,-4477,4
513,-4307,4
514,-625,4
515,-1584,4
516,-5492,4
517,-1026,4
518,-4192,4
519,-3793,4
520,-1346,4
521,-2618,4
522,-254,4
523,-3535,4
524,-5444,4
525,-4978,4
526,-609,4
527,-5710,4
528,-2739,3
529,-716,3
530,-331,3
531,-5498,3
532,-2891,3
533,-3475,3
534,-3576,3
535,-3132,3
536,-4954,3
537,-3491,3
538,-4578,3
539,-2933,3
540,-2084,3
541,-860,3
542,-347,3
543,-1503,3
544,-190,3
545,-5597,3
546,-5096,3
547,-4882,3
548,-2835,3
549,-5338,3
550,-788,3
551,-163,3
552,-4922,3
553,-5393,3
554,-3348,3
555,-3413,3
556,-3405,3
557,-1686,3
558,-2419,3
559,-1118,3
560,-270,3
561,-1164,3
562,-5768,3
563,-1108,3
564,-828,3
565,-2148,3
566,-5728,3
567,-2205,3
568,-3536,3
569,-2779,3
570,-166,3
571,-318,3
572,-299,3
573,-4850,3
574,-5450,3
575,-1414,3
576,-2157,3
577,-1348,3
578,-2140,3
579,-5410,3
580,-5313,3
581,-5161,3
582,-1996,3
583,-5653,3
584,-2828,3
585,-558,3
586,-5328,3
587,-2611,3
588,-4648,3
589,-3277,3
590,-2749,3
591,-5730,3
592,-2765,3
593,-3784,3
594,-1684,3
595,-3819,3
596,-4632,3
597,-2077,3
598,-2781,3
599,-1628,3
600,-3827,3
601,-4616,3
602,-5026,3
603,-4617,3
604,-4633,3
605,-1444,3
606,-1863,3
607,-2651,3
608,-5082,3
609,-4737,3
610,-574,3
611,-4745,3
612,-2652,3
613,-1012,3
614,-3912,3
615,-2659,3
616,-566,3
617,-1494,3
618,-2685,3
619,-4673,3
620,-4736,3
621,-3557,3
622,-3747,3
623,-683,3
624,-4665,3
625,-4921,3
626,-827,3
627,-2876,3
628,-430,3
629,-798,3
630,-2484,3
631,-5089,3
632,-5709,3
633,-2509,3
634,-2501,3
635,-4003,3
636,-4729,3
637,-2149,3
638,-835,3
639,-3555,3
640,-1599,3
641,-2923,3
642,-1591,3
643,-3229,3
644,-4952,3
645,-5554,3
646,-406,3
647,-5073,3
648,-5025,3
649,-3907,3
650,-4537,3
651,-1612,3
652,-4585,3
653,-2884,3
654,-5781,3
655,-3627,3
656,-3728,3
657,-774,3
658,-510,3
659,-475,3
660,-5648,3
661,-3720,3
662,-2845,3
663,-1828,3
664,-4584,3
665,-3621,3
666,-2500,3
667,-62,3
668,-3739,3
669,-3388,3
670,-4466,3
671,-4243,3
672,-429,3
673,-1312,3
674,-4315,3
675,-5447,3
676,-4267,3
677,-3406,3
678,-413,3
679,-2346,3
680,-405,3
681,-2138,3
682,-3447,3
683,-2130,3
684,-3479,3
685,-2042,3
686,-4363,3
687,-1240,3
688,-2706,3
689,-501,3
690,-2642,3
691,-3071,3
692,-5150,3
693,-1064,3
694,-4611,3
695,-2550,3
696,-1104,3
697,-4535,3
698,-2530,3
699,-5270,3
700,-2510,3
701,-377,3
702,-5318,3
703,-2394,3
704,-4057,3
705,-349,3
706,-1898,3
707,-3662,3
708,-5647,3
709,-1546,3
710,-3871,3
711,-1824,3
712,-3943,3
713,-1418,3
714,-2262,3
715,-3913,3
716,-1378,3
717,-3425,3
718,-3393,3
719,-3385,3
720,-2080,3
721,-2120,3
722,-5814,3
723,-5631,3
724,-5623,3
725,-5798,3
726,-2403,3
727,-3574,3
728,-5700,3
729,-1610,3
730,-5615,3
731,-1485,3
732,-4407,3
733,-317,3
734,-5820,3
735,-5702,3
736,-3849,3
737,-5654,3
738,-1405,3
739,-4707,3
740,-5006,3
741,-5388,3
742,-1037,3
743,-2766,3
744,-1481,3
745,-3514,3
746,-2367,3
747,-5499,3
748,-2431,3
749,-5151,3
750,-5755,3
751,-3394,3
752,-1061,3
753,-3386,3
754,-5339,3
755,-1241,3
756,-2615,3
757,-248,3
758,-1665,3
759,-541,3
760,-4991,3
761,-4034,3
762,-4959,3
763,-2926,3
764,-2111,3
765,-2127,3
766,-80,3
767,-5007,3
768,-2271,3
769,-1825,3
770,-965,3
771,-4254,3
772,-5079,3
773,-1753,3
774,-2798,3
775,-4686,3
776,-3114,3
777,-3090,3
778,-4851,3
779,-825,3
780,-4902,3
781,-4883,3
782,-4875,3
783,-2826,3
784,-769,3
785,-2802,3
786,-4718,3
787,-4942,3
788,-4843,3
789,-2911,3
790,-2598,3
791,-3230,3
792,-4795,3
793,-4870,3
794,-768,3
795,-841,3
796,-2890,3
797,-4663,3
798,-2898,3
799,-4846,3
800,-1149,3
801,-4979,3
802,-921,3
803,-5091,3
804,-2743,3
805,-4790,3
806,-597,3
807,-3066,3
808,-1025,3
809,-1033,3
810,-2128,3
811,-1094,3
812,-4197,3
813,-4973,3
814,-4348,3
815,-250,3
816,-4013,3
817,-2249,3
818,-162,3
819,-1934,3
820,-4180,3
821,-4716,3
822,-5005,3
823,-2129,3
824,-228,3
825,-5029,3
826,-18,3
827,-4084,3
828,-799,3
829,-791,3
830,-2345,3
831,-4396,3
832,-2816,3
833,-2441,3
834,-4572,3
835,-655,3
836,-4733,3
837,-4717,3
838,-506,3
839,-4604,3
840,-2046,3
841,-4226,3
842,-2171,3
843,-4652,3
844,-2649,3
845,-2011,3
846,-975,3
847,-4338,3
848,-1651,3
849,-1419,3
850,-5445,3
851,-1427,3
852,-5537,3
853,-3773,3
854,-3360,3
855,-3781,3
856,-1287,3
857,-3524,3
858,-4410,3
859,-1563,3
860,-5665,3
861,-2355,3
862,-4402,3
863,-1215,3
864,-1867,3
865,-1667,3
866,-3716,3
867,-5285,3
868,-5269,3
869,-5253,3
870,-1143,3
871,-3772,3
872,-3160,3
873,-3812,3
874,-292,3
875,-3836,3
876,-3860,3
877,-3869,3
878,-3876,3
879,-2147,3
880,-2489,3
881,-3878,3
882,-2432,3
883,-455,3
884,-4247,3
885,-5284,3
886,-5268,3
887,-762,3
888,-3774,3
889,-4932,3
890,-2913,3
891,-5831,3
892,-463,3
893,-890,3
894,-4365,3
895,-4996,3
896,-5012,3
897,-4223,3
898,-3894,3
899,-319,3
900,-5132,3
901,-2504,3
902,-1018,3
903,-4581,3
904,-1290,3
905,-135,3
906,-4143,3
907,-1677,3
908,-1234,3
909,-2160,3
910,-3321,3
911,-3281,3
912,-167,3
913,-4386,2
914,-340,2
915,-3814,2
916,-5159,2
917,-1077,2
918,-3142,2
919,-1101,2
920,-4951,2
921,-348,2
922,-2942,2
923,-4866,2
924,-1060,2
925,-853,2
926,-1068,2
927,-1109,2
928,-748,2
929,-5143,2
930,-3782,2
931,-3646,2
932,-997,2
933,-1717,2
934,-1005,2
935,-3054,2
936,-5103,2
937,-981,2
938,-5727,2
939,-3147,2
940,-708,2
941,-4346,2
942,-3179,2
943,-3062,2
944,-724,2
945,-5663,2
946,-5015,2
947,-2675,2
948,-5186,2
949,-4394,2
950,-2787,2
951,-4474,2
952,-3622,2
953,-900,2
954,-1813,2
955,-164,2
956,-1221,2
957,-4754,2
958,-5343,2
959,-1253,2
960,-4062,2
961,-3302,2
962,-2211,2
963,-5018,2
964,-36,2
965,-5359,2
966,-2643,2
967,-3318,2
968,-3326,2
969,-2107,2
970,-5383,2
971,-4178,2
972,-3350,2
973,-2155,2
974,-908,2
975,-4674,2
976,-2955,2
977,-5439,2
978,-1317,2
979,-4666,2
980,-3366,2
981,-556,2
982,-1189,2
983,-1829,2
984,-3414,2
985,-5591,2
986,-1493,2
987,-492,2
988,-4194,2
989,-5239,2
990,-5551,2
991,-5263,2
992,-2267,2
993,-3902,2
994,-3462,2
995,-204,2
996,-4914,2
997,-2571,2
998,-5271,2
999,-2251,2
1000,-1869,2
1001,-3958,2
1002,-2875,2
1003,-3982,2
1004,-2579,2
1005,-5479,2
1006,-540,2
1007,-548,2
1008,-180,2
1009,-4274,2
1010,-756,2
1011,-4102,2
1012,-3211,2
1013,-3753,2
1014,-3737,2
1015,-3713,2
1016,-5756,2
1017,-1634,2
1018,-1626,2
1019,-3649,2
1020,-1594,2
1021,-1586,2
1022,-5644,2
1023,-3593,2
1024,-3577,2
1025,-1498,2
1026,-5572,2
1027,-1466,2
1028,-5548,2
1029,-3481,2
1030,-5500,2
1031,-1690,2
1032,-1722,2
1033,-4403,2
1034,-1794,2
1035,-273,2
1036,-265,2
1037,-2306,2
1038,-2234,2
1039,-4251,2
1040,-4235,2
1041,-2170,2
1042,-2162,2
1043,-65,2
1044,-2106,2
1045,-2098,2
1046,-3969,2
1047,-1866,2
1048,-1858,2
1049,-1850,2
1050,-3857,2
1051,-1802,2
1052,-3449,2
1053,-5484,2
1054,-1386,2
1055,-1354,2
1056,-994,2
1057,-882,2
1058,-4972,2
1059,-4956,2
1060,-826,2
1061,-4900,2
1062,-4892,2
1063,-4860,2
1064,-754,2
1065,-4828,2
1066,-4820,2
1067,-2761,2
1068,-4796,2
1069,-2745,2
1070,-4780,2
1071,-4764,2
1072,-2697,2
1073,-3049,2
1074,-1002,2
1075,-3065,2
1076,-5316,2
1077,-5428,2
1078,-5420,2
1079,-1306,2
1080,-1298,2
1081,-1266,2
1082,-1258,2
1083,-1250,2
1084,-1218,2
1085,-5156,2
1086,-3265,2
1087,-1162,2
1088,-1154,2
1089,-1130,2
1090,-1114,2
1091,-1106,2
1092,-1090,2
1093,-289,2
1094,-2386,2
1095,-5266,2
1096,-5763,2
1097,-1633,2
1098,-5715,2
1099,-3562,2
1100,-3474,2
1101,-1425,2
1102,-5515,2
1103,-1401,2
1104,-1385,2
1105,-5443,2
1106,-5435,2
1107,-5403,2
1108,-3354,2
1109,-3346,2
1110,-1281,2
1111,-3322,2
1112,-3290,2
1113,-3282,2
1114,-1649,2
1115,-5779,2
1116,-2402,2
1117,-1697,2
1118,-2017,2
1119,-2009,2
1120,-4010,2
1121,-3978,2
1122,-3970,2
1123,-1921,2
1124,-1905,2
1125,-3914,2
1126,-3906,2
1127,-3858,2
1128,-3826,2
1129,-1761,2
1130,-3802,2
1131,-3778,2
1132,-5819,2
1133,-3762,2
1134,-3746,2
1135,-3266,2
1136,-3258,2
1137,-5299,2
1138,-1201,2
1139,-4667,2
1140,-2610,2
1141,-2602,2
1142,-4643,2
1143,-537,2
1144,-4619,2
1145,-4603,2
1146,-505,2
1147,-489,2
1148,-481,2
1149,-441,2
1150,-4531,2
1151,-417,2
1152,-2450,2
1153,-401,2
1154,-4483,2
1155,-2418,2
1156,-4683,2
1157,-2650,2
1158,-633,2
1159,-2922,2
1160,-1113,2
1161,-1097,2
1162,-5147,2
1163,-5107,2
1164,-3050,2
1165,-5075,2
1166,-2930,2
1167,-865,2
1168,-681,2
1169,-4955,2
1170,-849,2
1171,-4915,2
1172,-4891,2
1173,-2842,2
1174,-737,2
1175,-705,2
1176,-4740,2
1177,-642,2
1178,-4724,2
1179,-307,2
1180,-291,2
1181,-2308,2
1182,-4345,2
1183,-2292,2
1184,-4337,2
1185,-4305,2
1186,-2252,2
1187,-195,2
1188,-2236,2
1189,-4273,2
1190,-2204,2
1191,-2180,2
1192,-2172,2
1193,-115,2
1194,-4201,2
1195,-4193,2
1196,-4185,2
1197,-4393,2
1198,-4409,2
1199,-618,2
1200,-2364,2
1201,-4801,2
1202,-4761,2
1203,-2684,2
1204,-595,2
1205,-2628,2
1206,-2604,2
1207,-2556,2
1208,-467,2
1209,-4561,2
1210,-2492,2
1211,-435,2
1212,-4513,2
1213,-403,2
1214,-4481,2
1215,-355,2
1216,-339,2
1217,-2372,2
1218,-4153,2
1219,-4145,2
1220,-35,2
1221,-4129,2
1222,-5666,2
1223,-1564,2
1224,-3563,2
1225,-5610,2
1226,-5578,2
1227,-5562,2
1228,-3507,2
1229,-5530,2
1230,-3411,2
1231,-3395,2
1232,-3347,2
1233,-3331,2
1234,-5378,2
1235,-3251,2
1236,-1196,2
1237,-5282,2
1238,-1180,2
1239,-5690,2
1240,-3683,2
1241,-3691,2
1242,-3835,2
1243,-19,2
1244,-3,2
1245,-4051,2
1246,-3995,2
1247,-3987,2
1248,-1804,2
1249,-3843,2
1250,-5826,2
1251,-3723,2
1252,-1724,2
1253,-5818,2
1254,-1716,2
1255,-3763,2
1256,-5802,2
1257,-1700,2
1258,-1692,2
1259,-2756,2
1260,-739,2
1261,-2788,2
1262,-5633,2
1263,-4236,2
1264,-4220,2
1265,-4196,2
1266,-2113,2
1267,-4124,2
1268,-3940,2
1269,-3908,2
1270,-1843,2
1271,-1835,2
1272,-1827,2
1273,-3868,2
1274,-1811,2
1275,-3828,2
1276,-3748,2
1277,-1699,2
1278,-1603,2
1279,-1595,2
1280,-2209,2
1281,-210,2
1282,-4332,2
1283,-546,2
1284,-4708,2
1285,-602,2
1286,-2641,2
1287,-4684,2
1288,-570,2
1289,-2601,2
1290,-4644,2
1291,-4620,2
1292,-242,2
1293,-522,2
1294,-2545,2
1295,-2465,2
1296,-2409,2
1297,-346,2
1298,-2393,2
1299,-4420,2
1300,-3588,2
1301,-3564,2
1302,-747,2
1303,-1475,2
1304,-1139,2
1305,-5225,2
1306,-1115,2
1307,-5201,2
1308,-3124,2
1309,-3100,2
1310,-5113,2
1311,-1003,2
1312,-5097,2
1313,-963,2
1314,-899,2
1315,-891,2
1316,-4977,2
1317,-2924,2
1318,-2916,2
1319,-2892,2
1320,-803,2
1321,-5265,2
1322,-1179,2
1323,-5281,2
1324,-4919,2
1325,-1467,2
1326,-5553,2
1327,-3492,2
1328,-1443,2
1329,-1387,2
1330,-1363,2
1331,-5449,2
1332,-1331,2
1333,-3236,2
1334,-1307,2
1335,-5377,2
1336,-3324,2
1337,-1251,2
1338,-5329,2
1339,-1227,2
1340,-1195,2
1341,-4927,2
1342,-3846,2
1343,-2870,2
1344,-4784,2
1345,-734,2
1346,-5790,2
1347,-758,2
1348,-1680,2
1349,-1672,2
1350,-4888,2
1351,-1648,2
1352,-5742,2
1353,-4904,2
1354,-4912,2
1355,-5694,2
1356,-4984,2
1357,-3607,2
1358,-918,2
1359,-3543,2
1360,-974,2
1361,-998,2
1362,-3069,2
1363,-5136,2
1364,-3109,2
1365,-3125,2
1366,-1440,2
1367,-1416,2
1368,-3165,2
1369,-1142,2
1370,-1174,2
1371,-1214,2
1372,-4792,2
1373,-678,2
1374,-4085,2
1375,-3767,2
1376,-286,2
1377,-87,2
1378,-2104,2
1379,-2357,2
1380,-4133,2
1381,-2381,2
1382,-2397,2
1383,-4109,2
1384,-4472,2
1385,-2429,2
1386,-4504,2
1387,-2048,2
1388,-414,2
1389,-4007,2
1390,-3959,2
1391,-4552,2
1392,-4560,2
1393,-3895,2
1394,-3847,2
1395,-2589,2
1396,-542,2
1397,-4688,2
1398,-4696,2
1399,-2661,2
1400,-2677,2
1401,-654,2
1402,-4752,2
1403,-1254,2
1404,-1360,2
1405,-5446,2
1406,-1286,2
1407,-5672,2
1408,-1582,2
1409,-5142,2
1410,-3087,2
1411,-3661,2
1412,-5720,2
1413,-3007,2
1414,-1638,2
1415,-3725,2
1416,-3741,2
1417,-928,2
1418,-2975,2
1419,-5816,2
1420,-4998,2
1421,-4982,2
1422,-5832,2
1423,-880,2
1424,-3821,2
1425,-3829,2
1426,-4934,2
1427,-3957,2
1428,-4918,2
1429,-2855,2
1430,-4037,2
1431,-4045,2
1432,-4077,2
1433,-792,2
1434,-5664,2
1435,-5158,2
1436,-3135,2
1437,-3461,2
1438,-3367,2
1439,-1318,2
1440,-3373,2
1441,-5424,2
1442,-1342,2
1443,-3351,2
1444,-1288,2
1445,-1366,2
1446,-1280,2
1447,-1398,2
1448,-3303,2
1449,-5496,2
1450,-1248,2
1451,-5632,2
1452,-5342,2
1453,-5528,2
1454,-1224,2
1455,-5302,2
1456,-5568,2
1457,-5576,2
1458,-5278,2
1459,-1502,2
1460,-1510,2
1461,-1128,2
1462,-5616,2
1463,-3159,2
1464,-4368,2
1465,-2168,2
1466,-4336,2
1467,-5677,2
1468,-807,2
1469,-783,2
1470,-4877,2
1471,-3416,2
1472,-5485,2
1473,-759,2
1474,-2792,2
1475,-3440,2
1476,-2784,2
1477,-4797,2
1478,-4789,2
1479,-1407,2
1480,-687,2
1481,-3480,2
1482,-3488,2
1483,-663,2
1484,-2704,2
1485,-5573,2
1486,-5589,2
1487,-607,2
1488,-2640,2
1489,-591,2
1490,-575,2
1491,-3592,2
1492,-2616,2
1493,-1575,2
1494,-559,2
1495,-4909,2
1496,-5413,2
1497,-4917,2
1498,-1223,2
1499,-5133,2
1500,-1071,2
1501,-3136,2
1502,-1095,2
1503,-999,2
1504,-983,2
1505,-3208,2
1506,-5261,2
1507,-3216,2
1508,-1175,2
1509,-1183,2
1510,-1199,2
1511,-1231,2
1512,-1279,2
1513,-5013,2
1514,-895,2
1515,-3288,2
1516,-2912,2
1517,-863,2
1518,-1247,2
1519,-3304,2
1520,-1263,2
1521,-839,2
1522,-2880,2
1523,-831,2
1524,-3320,2
1525,-2592,2
1526,-5693,2
1527,-4221,2
1528,-5701,2
1529,-2047,2
1530,-14,2
1531,-2069,2
1532,-4357,2
1533,-4136,2
1534,-2093,2
1535,-46,2
1536,-4144,2
1537,-2109,2
1538,-255,2
1539,-2125,2
1540,-4349,2
1541,-2296,2
1542,-4208,2
1543,-247,2
1544,-4216,2
1545,-2181,2
1546,-2264,2
1547,-4309,2
1548,-4232,2
1549,-2189,2
1550,-4256,2
1551,-174,2
1552,-182,2
1553,-4253,2
1554,-2237,2
1555,-2253,2
1556,-4080,2
1557,-287,2
1558,-295,2
1559,-5829,2
1560,-1631,2
1561,-3680,2
1562,-4597,2
1563,-1639,2
1564,-495,2
1565,-1647,2
1566,-3696,2
1567,-5749,2
1568,-1655,2
1569,-4557,2
1570,-4549,2
1571,-1727,2
1572,-2488,2
1573,-1983,2
1574,-4517,2
1575,-3824,2
1576,-4509,2
1577,-3856,2
1578,-2440,2
1579,-3864,2
1580,-2416,2
1581,-4445,2
1582,-3904,2
1583,-3968,2
1584,-1967,2
1585,-2384,2
1586,-776,2
1587,-5149,2
1588,-4199,2
1589,-517,2
1590,-4863,2
1591,-264,2
1592,-2822,2
1593,-133,2
1594,-2255,2
1595,-2830,2
1596,-2607,2
1597,-2430,2
1598,-4182,2
1599,-504,2
1600,-2118,2
1601,-2414,2
1602,-2638,2
1603,-304,2
1604,-4279,2
1605,-4518,2
1606,-581,2
1607,-4558,2
1608,-2806,2
1609,-4414,2
1610,-4526,2
1611,-2782,2
1612,-509,2
1613,-672,2
1614,-4294,2
1615,-288,2
1616,-680,2
1617,-2343,2
1618,-2543,2
1619,-4319,2
1620,-4798,2
1621,-4231,2
1622,-749,2
1623,-4175,2
1624,-4598,2
1625,-2247,2
1626,-704,2
1627,-4198,2
1628,-4799,2
1629,-4879,2
1630,-4222,2
1631,-797,2
1632,-136,2
1633,-144,2
1634,-4623,2
1635,-408,2
1636,-2726,2
1637,-168,2
1638,-2295,2
1639,-2742,2
1640,-2246,2
1641,-4631,2
1642,-4103,2
1643,-2567,2
1644,-2206,2
1645,-2447,2
1646,-4783,2
1647,-4614,2
1648,-4582,2
1649,-4278,2
1650,-4110,2
1651,-4694,2
1652,-2502,2
1653,-2167,2
1654,-285,2
1655,-4239,2
1656,-2663,2
1657,-4446,2
1658,-2190,2
1659,-2070,2
1660,-2399,2
1661,-4310,2
1662,-2439,2
1663,-4662,2
1664,-4375,2
1665,-45,2
1666,-3626,1
1667,-327,1
1668,-2953,1
1669,-4366,1
1670,-343,1
1671,-5076,1
1672,-954,1
1673,-2961,1
1674,-5044,1
1675,-914,1
1676,-1577,1
1677,-3618,1
1678,-2977,1
1679,-3041,1
1680,-335,1
1681,-2823,1
1682,-2392,1
1683,-5731,1
1684,-4876,1
1685,-770,1
1686,-2817,1
1687,-4525,1
1688,-431,1
1689,-2303,1
1690,-2793,1
1691,-2472,1
1692,-4836,1
1693,-738,1
1694,-1657,1
1695,-730,1
1696,-2512,1
1697,-4565,1
1698,-2833,1
1699,-2311,1
1700,-3634,1
1701,-1601,1
1702,-2937,1
1703,-367,1
1704,-2424,1
1705,-303,1
1706,-1593,1
1707,-4948,1
1708,-2889,1
1709,-4908,1
1710,-399,1
1711,-4924,1
1712,-5707,1
1713,-4916,1
1714,-3666,1
1715,-2865,1
1716,-4485,1
1717,-4374,1
1718,-5100,1
1719,-2344,1
1720,-5340,1
1721,-2192,1
1722,-3466,1
1723,-4245,1
1724,-2200,1
1725,-336,1
1726,-175,1
1727,-2224,1
1728,-4277,1
1729,-4293,1
1730,-2248,1
1731,-4301,1
1732,-3257,1
1733,-3241,1
1734,-2256,1
1735,-1441,1
1736,-1186,1
1737,-143,1
1738,-4237,1
1739,-5348,1
1740,-2136,1
1741,-63,1
1742,-2112,1
1743,-79,1
1744,-4486,1
1745,-3450,1
1746,-3353,1
1747,-4478,1
1748,-4189,1
1749,-3305,1
1750,-4205,1
1751,-3337,1
1752,-3329,1
1753,-3458,1
1754,-5507,1
1755,-2407,1
1756,-4229,1
1757,-3233,1
1758,-215,1
1759,-3490,1
1760,-271,1
1761,-5635,1
1762,-263,1
1763,-5180,1
1764,-2312,1
1765,-1066,1
1766,-4804,1
1767,-272,1
1768,-3105,1
1769,-5611,1
1770,-5651,1
1771,-1050,1
1772,-3089,1
1773,-2320,1
1774,-4373,1
1775,-5659,1
1776,-1569,1
1777,-5619,1
1778,-1098,1
1779,-3209,1
1780,-1138,1
1781,-5539,1
1782,-5252,1
1783,-4317,1
1784,-4398,1
1785,-1473,1
1786,-5571,1
1787,-3193,1
1788,-296,1
1789,-280,1
1790,-3177,1
1791,-3169,1
1792,-1497,1
1793,-2304,1
1794,-1505,1
1795,-3153,1
1796,-3554,1
1797,-471,1
1798,-4629,1
1799,-2753,1
1800,-3706,1
1801,-3922,1
1802,-4252,1
1803,-2896,1
1804,-2185,1
1805,-4949,1
1806,-1889,1
1807,-88,1
1808,-122,1
1809,-2169,1
1810,-4981,1
1811,-2119,1
1812,-887,1
1813,-90,1
1814,-2137,1
1815,-4166,1
1816,-2960,1
1817,-4172,1
1818,-4190,1
1819,-170,1
1820,-2225,1
1821,-2856,1
1822,-2832,1
1823,-4885,1
1824,-290,1
1825,-282,1
1826,-2840,1
1827,-4893,1
1828,-2848,1
1829,-815,1
1830,-4925,1
1831,-2281,1
1832,-4324,1
1833,-226,1
1834,-2273,1
1835,-2159,1
1836,-4308,1
1837,-2872,1
1838,-2121,1
1839,-2968,1
1840,-1929,1
1841,-4026,1
1842,-967,1
1843,-1987,1
1844,-1971,1
1845,-3016,1
1846,-4004,1
1847,-1955,1
1848,-1977,1
1849,-2079,1
1850,-4018,1
1851,-4126,1
1852,-1007,1
1853,-1015,1
1854,-3064,1
1855,-1851,1
1856,-2071,1
1857,-3072,1
1858,-5061,1
1859,-3008,1
1860,-2976,1
1861,-943,1
1862,-2097,1
1863,-2089,1
1864,-34,1
1865,-2984,1
1866,-2103,1
1867,-2073,1
1868,-5037,1
1869,-3994,1
1870,-1969,1
1871,-2057,1
1872,-4100,1
1873,-4002,1
1874,-2992,1
1875,-5045,1
1876,-4134,1
1877,-4060,1
1878,-120,1
1879,-4404,1
1880,-314,1
1881,-578,1
1882,-4637,1
1883,-4700,1
1884,-543,1
1885,-1689,1
1886,-3738,1
1887,-208,1
1888,-2608,1
1889,-2625,1
1890,-626,1
1891,-4668,1
1892,-4669,1
1893,-3754,1
1894,-2609,1
1895,-1713,1
1896,-583,1
1897,-4685,1
1898,-2584,1
1899,-2576,1
1900,-3770,1
1901,-1673,1
1902,-2520,1
1903,-2536,1
1904,-240,1
1905,-690,1
1906,-4326,1
1907,-4318,1
1908,-2544,1
1909,-216,1
1910,-519,1
1911,-674,1
1912,-511,1
1913,-4756,1
1914,-2560,1
1915,-1681,1
1916,-4613,1
1917,-3730,1
1918,-2593,1
1919,-4693,1
1920,-3850,1
1921,-4476,1
1922,-434,1
1923,-4781,1
1924,-2473,1
1925,-418,1
1926,-4508,1
1927,-2736,1
1928,-2215,1
1929,-362,1
1930,-3794,1
1931,-1777,1
1932,-4452,1
1933,-4845,1
1934,-2385,1
1935,-330,1
1936,-3842,1
1937,-767,1
1938,-2728,1
1939,-2497,1
1940,-2648,1
1941,-4596,1
1942,-4701,1
1943,-4612,1
1944,-514,1
1945,-2561,1
1946,-192,1
1947,-615,1
1948,-2553,1
1949,-631,1
1950,-450,1
1951,-2680,1
1952,-490,1
1953,-1737,1
1954,-4580,1
1955,-2529,1
1956,-184,1
1957,-4564,1
1958,-3369,1
1959,-4087,1
1960,-1330,1
1961,-393,1
1962,-4475,1
1963,-3247,1
1964,-592,1
1965,-1216,1
1966,-3130,1
1967,-3279,1
1968,-5334,1
1969,-337,1
1970,-4427,1
1971,-2378,1
1972,-2639,1
1973,-4419,1
1974,-313,1
1975,-576,1
1976,-2354,1
1977,-3146,1
1978,-5350,1
1979,-5294,1
1980,-2442,1
1981,-568,1
1982,-5286,1
1983,-465,1
1984,-4750,1
1985,-632,1
1986,-5230,1
1987,-616,1
1988,-2498,1
1989,-4539,1
1990,-2490,1
1991,-5254,1
1992,-3207,1
1993,-433,1
1994,-4523,1
1995,-2466,1
1996,-5262,1
1997,-409,1
1998,-1176,1
1999,-3098,1
2000,-1105,1
2001,-1272,1
2002,-2703,1
2003,-1328,1
2004,-4283,1
2005,-5430,1
2006,-3226,1
2007,-185,1
2008,-4275,1
2009,-177,1
2010,-3383,1
2011,-169,1
2012,-4259,1
2013,-3391,1
2014,-2575,1
2015,-5454,1
2016,-153,1
2017,-3407,1
2018,-3234,1
2019,-1368,1
2020,-137,1
2021,-2242,1
2022,-209,1
2023,-4387,1
2024,-2258,1
2025,-560,1
2026,-3178,1
2027,-281,1
2028,-3335,1
2029,-1296,1
2030,-5398,1
2031,-4347,1
2032,-249,1
2033,-2599,1
2034,-241,1
2035,-4331,1
2036,-1161,1
2037,-5259,1
2038,-2282,1
2039,-4630,1
2040,-5422,1
2041,-3375,1
2042,-3167,1
2043,-5115,1
2044,-129,1
2045,-840,1
2046,-2794,1
2047,-2786,1
2048,-2919,1
2049,-2778,1
2050,-4819,1
2051,-4974,1
2052,-721,1
2053,-2927,1
2054,-2754,1
2055,-4830,1
2056,-728,1
2057,-2767,1
2058,-4987,1
2059,-888,1
2060,-689,1
2061,-904,1
2062,-897,1
2063,-848,1
2064,-2783,1
2065,-920,1
2066,-761,1
2067,-2815,1
2068,-4862,1
2069,-760,1
2070,-2858,1
2071,-809,1
2072,-4899,1
2073,-2847,1
2074,-2807,1
2075,-4854,1
2076,-808,1
2077,-2799,1
2078,-824,1
2079,-4926,1
2080,-777,1
2081,-4867,1
2082,-873,1
2083,-832,1
2084,-2722,1
2085,-4763,1
2086,-5190,1
2087,-5067,1
2088,-3055,1
2089,-585,1
2090,-577,1
2091,-1008,1
2092,-5110,1
2093,-1032,1
2094,-5134,1
2095,-993,1
2096,-2594,1
2097,-3042,1
2098,-3103,1
2099,-529,1
2100,-2735,1
2101,-521,1
2102,-5182,1
2103,-1088,1
2104,-656,1
2105,-992,1
2106,-4691,1
2107,-5011,1
2108,-601,1
2109,-4755,1
2110,-4814,1
2111,-657,1
2112,-929,1
2113,-4739,1
2114,-641,1
2115,-2682,1
2116,-5030,1
2117,-2674,1
2118,-5038,1
2119,-617,1
2120,-712,1
2121,-2991,1
2122,-2658,1
2123,-5059,1
2124,-4699,1
2125,-3015,1
2126,-3423,1
2127,-4219,1
2128,-1393,1
2129,-1289,1
2130,-1570,1
2131,-3609,1
2132,-5652,1
2133,-5387,1
2134,-4534,1
2135,-1720,1
2136,-5395,1
2137,-3775,1
2138,-424,1
2139,-1313,1
2140,-5830,1
2141,-1522,1
2142,-5612,1
2143,-1506,1
2144,-3553,1
2145,-3783,1
2146,-2471,1
2147,-3625,1
2148,-3633,1
2149,-3545,1
2150,-2487,1
2151,-1265,1
2152,-1650,1
2153,-3697,1
2154,-5732,1
2155,-3314,1
2156,-5782,1
2157,-3735,1
2158,-5363,1
2159,-3657,1
2160,-1273,1
2161,-1602,1
2162,-1696,1
2163,-5692,1
2164,-3751,1
2165,-448,1
2166,-5684,1
2167,-1712,1
2168,-3370,1
2169,-1752,1
2170,-5758,1
2171,-2008,1
2172,-4079,1
2173,-5468,1
2174,-4510,1
2175,-4923,1
2176,-400,1
2177,-3409,1
2178,-1369,1
2179,-3418,1
2180,-4101,1
2181,-5467,1
2182,-2064,1
2183,-3426,1
2184,-4117,1
2185,-5436,1
2186,-1338,1
2187,-2072,1
2188,-5483,1
2189,-4071,1
2190,-4039,1
2191,-3823,1
2192,-4023,1
2193,-5580,1
2194,-3529,1
2195,-3831,1
2196,-5564,1
2197,-5419,1
2198,-3505,1
2199,-2463,1
2200,-1880,1
2201,-3935,1
2202,-1896,1
2203,-3951,1
2204,-1426,1
2205,-5516,1
2206,-3465,1
2207,-3975,1
2208,-3991,1
2209,-1345,1
2210,-3306,1
2211,-1656,1
2212,-5478,1
2213,-3495,1
2214,-512,1
2215,-2559,1
2216,-9,1
2217,-4099,1
2218,-5550,1
2219,-5315,1
2220,-4073,1
2221,-2018,1
2222,-4065,1
2223,-1456,1
2224,-5566,1
2225,-1994,1
2226,-4041,1
2227,-1986,1
2228,-1225,1
2229,-1472,1
2230,-4017,1
2231,-2066,1
2232,-1209,1
2233,-4009,1
2234,-41,1
2235,-121,1
2236,-4622,1
2237,-1384,1
2238,-3242,1
2239,-4203,1
2240,-2154,1
2241,-105,1
2242,-97,1
2243,-5494,1
2244,-89,1
2245,-4179,1
2246,-1408,1
2247,-5510,1
2248,-3463,1
2249,-57,1
2250,-4139,1
2251,-2090,1
2252,-4606,1
2253,-5157,1
2254,-1666,1
2255,-3833,1
2256,-3647,1
2257,-1600,1
2258,-1608,1
2259,-3663,1
2260,-3769,1
2261,-5812,1
2262,-3761,1
2263,-5804,1
2264,-5718,1
2265,-5726,1
2266,-5734,1
2267,-5780,1
2268,-1249,1
2269,-3729,1
2270,-5772,1
2271,-464,1
2272,-5764,1
2273,-3825,1
2274,-3623,1
2275,-3527,1
2276,-1568,1
2277,-5590,1
2278,-1233,1
2279,-3953,1
2280,-1496,1
2281,-3945,1
2282,-1504,1
2283,-3559,1
2284,-5614,1
2285,-1536,1
2286,-5638,1
2287,-3905,1
2288,-3591,1
2289,-3889,1
2290,-1826,1
2291,-1818,1
2292,-1810,1
2293,-3615,1
2294,-4001,1
2295,-3420,1
2296,-1063,1
2297,-4714,1
2298,-460,1
2299,-3685,1
2300,-444,1
2301,-4538,1
2302,-2483,1
2303,-4530,1
2304,-428,1
2305,-2475,1
2306,-4514,1
2307,-4506,1
2308,-2451,1
2309,-1662,1
2310,-4490,1
2311,-5776,1
2312,-372,1
2313,-5800,1
2314,-2411,1
2315,-356,1
2316,-5808,1
2317,-4450,1
2318,-1718,1
2319,-1622,1
2320,-468,1
2321,-4570,1
2322,-5656,1
2323,-4706,1
2324,-4698,1
2325,-1518,1
2326,-2635,1
2327,-2627,1
2328,-2619,1
2329,-1526,1
2330,-4658,1
2331,-1550,1
2332,-2595,1
2333,-3669,1
2334,-4642,1
2335,-4634,1
2336,-532,1
2337,-5680,1
2338,-4618,1
2339,-1598,1
2340,-2555,1
2341,-5696,1
2342,-2531,1
2343,-2395,1
2344,-2387,1
2345,-2379,1
2346,-2054,1
2347,-2227,1
2348,-1998,1
2349,-4053,1
2350,-4061,1
2351,-2203,1
2352,-4250,1
2353,-2030,1
2354,-5,1
2355,-124,1
2356,-4218,1
2357,-1982,1
2358,-116,1
2359,-4210,1
2360,-13,1
2361,-21,1
2362,-100,1
2363,-29,1
2364,-2131,1
2365,-2078,1
2366,-2115,1
2367,-4290,1
2368,-4021,1
2369,-1726,1
2370,-3885,1
2371,-4418,1
2372,-316,1
2373,-1742,1
2374,-1774,1
2375,-2347,1
2376,-3845,1
2377,-3853,1
2378,-1814,1
2379,-4370,1
2380,-3925,1
2381,-4005,1
2382,-2291,1
2383,-3941,1
2384,-4330,1
2385,-3949,1
2386,-4322,1
2387,-220,1
2388,-3997,1
2389,-212,1
2390,-4306,1
2391,-5592,1
2392,-3541,1
2393,-1236,1
2394,-620,1
2395,-1198,1
2396,-5170,1
2397,-3261,1
2398,-5138,1
2399,-5130,1
2400,-5352,1
2401,-5122,1
2402,-1020,1
2403,-3067,1
2404,-1262,1
2405,-1270,1
2406,-3051,1
2407,-3325,1
2408,-3043,1
2409,-5090,1
2410,-5376,1
2411,-980,1
2412,-5066,1
2413,-5058,1
2414,-5050,1
2415,-948,1
2416,-3245,1
2417,-3197,1
2418,-1100,1
2419,-1156,1
2420,-1220,1
2421,-5314,1
2422,-3077,1
2423,-3085,1
2424,-1062,1
2425,-5168,1
2426,-5176,1
2427,-5184,1
2428,-5192,1
2429,-3203,1
2430,-5232,1
2431,-5208,1
2432,-5216,1
2433,-1126,1
2434,-5226,1
2435,-3171,1
2436,-1116,1
2437,-3163,1
2438,-1134,1
2439,-3155,1
2440,-2995,1
2441,-1294,1
2442,-3349,1
2443,-4762,1
2444,-1438,1
2445,-2771,1
2446,-3493,1
2447,-1454,1
2448,-5552,1
2449,-3517,1
2450,-4794,1
2451,-1470,1
2452,-676,1
2453,-660,1
2454,-1430,1
2455,-2707,1
2456,-2699,1
2457,-644,1
2458,-4738,1
2459,-636,1
2460,-2683,1
2461,-4730,1
2462,-3533,1
2463,-5584,1
2464,-4826,1
2465,-4834,1
2466,-5010,1
2467,-5456,1
2468,-3357,1
2469,-5408,1
2470,-2939,1
2471,-1334,1
2472,-3389,1
2473,-2883,1
2474,-5440,1
2475,-3397,1
2476,-5448,1
2477,-812,1
2478,-5520,1
2479,-4898,1
2480,-2843,1
2481,-5464,1
2482,-3421,1
2483,-5480,1
2484,-772,1
2485,-764,1
2486,-5512,1
2487,-1422,1
2488,-4146,1
2489,-44,1
2490,-4138,1
2491,-61,1
2492,-477,1
2493,-1269,1
2494,-2526,1
2495,-4607,1
2496,-2574,1
2497,-5335,1
2498,-1237,1
2499,-5327,1
2500,-3278,1
2501,-5319,1
2502,-5311,1
2503,-1213,1
2504,-5303,1
2505,-3246,1
2506,-533,1
2507,-2582,1
2508,-549,1
2509,-1181,1
2510,-4655,1
2511,-3222,1
2512,-1173,1
2513,-5367,1
2514,-4551,1
2515,-3334,1
2516,-3390,1
2517,-4439,1
2518,-2406,1
2519,-5463,1
2520,-1365,1
2521,-2462,1
2522,-4511,1
2523,-3398,1
2524,-1349,1
2525,-4519,1
2526,-1341,1
2527,-3342,1
2528,-2478,1
2529,-1333,1
2530,-3374,1
2531,-5415,1
2532,-4527,1
2533,-2486,1
2534,-1309,1
2535,-5399,1
2536,-4543,1
2537,-573,1
2538,-1165,1
2539,-4687,1
2540,-2838,1
2541,-757,1
2542,-989,1
2543,-5071,1
2544,-3014,1
2545,-3006,1
2546,-957,1
2547,-933,1
2548,-2966,1
2549,-917,1
2550,-4887,1
2551,-741,1
2552,-893,1
2553,-2934,1
2554,-805,1
2555,-4967,1
2556,-2854,1
2557,-861,1
2558,-4903,1
2559,-4911,1
2560,-4943,1
2561,-5095,1
2562,-725,1
2563,-3190,1
2564,-3126,1
2565,-605,1
2566,-613,1
2567,-5215,1
2568,-2670,1
2569,-2686,1
2570,-4767,1
2571,-5191,1
2572,-677,1
2573,-1093,1
2574,-1069,1
2575,-4807,1
2576,-2734,1
2577,-3102,1
2578,-1053,1
2579,-4791,1
2580,-5135,1
2581,-3086,1
2582,-701,1
2583,-1029,1
2584,-5111,1
2585,-5487,1
2586,-1397,1
2587,-4431,1
2588,-1773,1
2589,-4207,1
2590,-2166,1
2591,-3870,1
2592,-4215,1
2593,-3854,1
2594,-1805,1
2595,-3838,1
2596,-1789,1
2597,-3830,1
2598,-1765,1
2599,-1845,1
2600,-1749,1
2601,-1741,1
2602,-5823,1
2603,-2198,1
2604,-1725,1
2605,-3766,1
2606,-4255,1
2607,-3758,1
2608,-5799,1
2609,-1837,1
2610,-2150,1
2611,-2222,1
2612,-4046,1
2613,-4167,1
2614,-20,1
2615,-2067,1
2616,-12,1
2617,-2051,1
2618,-2037,1
2619,-4078,1
2620,-2021,1
2621,-85,1
2622,-2134,1
2623,-101,1
2624,-1965,1
2625,-4183,1
2626,-1917,1
2627,-93,1
2628,-3950,1
2629,-3942,1
2630,-1893,1
2631,-4191,1
2632,-3910,1
2633,-1701,1
2634,-3742,1
2635,-3454,1
2636,-3518,1
2637,-253,1
2638,-2302,1
2639,-1517,1
2640,-1501,1
2641,-2334,1
2642,-3542,1
2643,-293,1
2644,-301,1
2645,-309,1
2646,-1469,1
2647,-5655,1
2648,-4415,1
2649,-1453,1
2650,-325,1
2651,-3486,1
2652,-2374,1
2653,-1429,1
2654,-5519,1
2655,-333,1
2656,-1413,1
2657,-2294,1
2658,-245,1
2659,-1693,1
2660,-213,1
2661,-1685,1
2662,-181,1
2663,-5767,1
2664,-1661,1
2665,-205,1
2666,-1645,1
2667,-5735,1
2668,-3686,1
2669,-4303,1
2670,-3678,1
2671,-1573,1
2672,-5719,1
2673,-4311,1
2674,-221,1
2675,-2270,1
2676,-1597,1
2677,-5687,1
2678,-1581,1
2679,-5671,1
2680,-237,1
2681,-5330,1
2682,-5112,1
2683,-1819,1
2684,-5549,1
2685,-1083,1
2686,-5177,1
2687,-5645,1
2688,-1075,1
2689,-1067,1
2690,-3600,1
2691,-5145,1
2692,-3084,1
2693,-1027,1
2694,-3648,1
2695,-3060,1
2696,-3052,1
2697,-3656,1
2698,-3044,1
2699,-5725,1
2700,-987,1
2701,-979,1
2702,-5733,1
2703,-2996,1
2704,-947,1
2705,-2988,1
2706,-1091,1
2707,-5637,1
2708,-3148,1
2709,-3220,1
2710,-3260,1
2711,-5305,1
2712,-3252,1
2713,-1471,1
2714,-1187,1
2715,-1479,1
2716,-3528,1
2717,-5581,1
2718,-5273,1
2719,-3212,1
2720,-5629,1
2721,-1495,1
2722,-3544,1
2723,-5605,1
2724,-1511,1
2725,-3560,1
2726,-5613,1
2727,-5621,1
2728,-5209,1
2729,-1527,1
2730,-939,1
2731,-2964,1
2732,-5741,1
2733,-4793,1
2734,-3832,1
2735,-4841,1
2736,-3840,1
2737,-3848,1
2738,-2780,1
2739,-1815,1
2740,-2764,1
2741,-4809,1
2742,-1823,1
2743,-3872,1
2744,-763,1
2745,-1847,1
2746,-2700,1
2747,-1887,1
2748,-643,1
2749,-1895,1
2750,-3944,1
2751,-1911,1
2752,-2676,1
2753,-3960,1
2754,-4857,1
2755,-1775,1
2756,-4993,1
2757,-3744,1
2758,-4985,1
2759,-2932,1
2760,-5765,1
2761,-1679,1
2762,-867,1
2763,-4961,1
2764,-4953,1
2765,-3736,1
2766,-5789,1
2767,-5797,1
2768,-771,1
2769,-1703,1
2770,-1719,1
2771,-2844,1
2772,-4889,1
2773,-2836,1
2774,-787,1
2775,-1743,1
2776,-1759,1
2777,-2820,1
2778,-5565,1
2779,-1447,1
2780,-1252,1
2781,-3284,1
2782,-3676,1
2783,-3668,1
2784,-3660,1
2785,-5705,1
2786,-3644,1
2787,-3280,1
2788,-1587,1
2789,-5681,1
2790,-3628,1
2791,-1579,1
2792,-5673,1
2793,-3620,1
2794,-1571,1
2795,-5341,1
2796,-5657,1
2797,-5649,1
2798,-3596,1
2799,-1547,1
2800,-1531,1
2801,-5617,1
2802,-3556,1
2803,-5325,1
2804,-1659,1
2805,-1207,1
2806,-3780,1
2807,-5165,1
2808,-3852,1
2809,-1079,1
2810,-3844,1
2811,-3128,1
2812,-3152,1
2813,-1127,1
2814,-1755,1
2815,-1747,1
2816,-3176,1
2817,-5301,1
2818,-5229,1
2819,-3764,1
2820,-1715,1
2821,-5801,1
2822,-1167,1
2823,-1683,1
2824,-5777,1
2825,-1675,1
2826,-5293,1
2827,-1507,1
2828,-1499,1
2829,-1491,1
2830,-3448,1
2831,-5461,1
2832,-1367,1
2833,-5469,1
2834,-5477,1
2835,-5425,1
2836,-3372,1
2837,-5409,1
2838,-1391,1
2839,-1399,1
2840,-1291,1
2841,-5453,1
2842,-5501,1
2843,-1283,1
2844,-1415,1
2845,-1275,1
2846,-5517,1
2847,-3316,1
2848,-5361,1
2849,-5345,1
2850,-1439,1
2851,-3404,1
2852,-5465,1
2853,-1271,1
2854,-5429,1
2855,-3344,1
2856,-3352,1
2857,-3516,1
2858,-1311,1
2859,-5561,1
2860,-3508,1
2861,-1319,1
2862,-5421,1
2863,-3376,1
2864,-3384,1
2865,-1371,1
2866,-3476,1
2867,-5437,1
2868,-3468,1
2869,-1351,1
2870,-3452,1
2871,-1403,1
2872,-3400,1
2873,-1379,1
2874,-2894,1
2875,-2668,1
2876,-4713,1
2877,-1975,1
2878,-4697,1
2879,-2725,1
2880,-3715,1
2881,-1660,1
2882,-5746,1
2883,-2741,1
2884,-702,1
2885,-5722,1
2886,-750,1
2887,-1604,1
2888,-5698,1
2889,-3643,1
2890,-3635,1
2891,-4856,1
2892,-1580,1
2893,-766,1
2894,-1572,1
2895,-3619,1
2896,-4872,1
2897,-1548,1
2898,-3595,1
2899,-5642,1
2900,-1676,1
2901,-670,1
2902,-662,1
2903,-3851,1
2904,-3947,1
2905,-3939,1
2906,-462,1
2907,-2525,1
2908,-1844,1
2909,-1836,1
2910,-494,1
2911,-1812,1
2912,-502,1
2913,-2557,1
2914,-646,1
2915,-4608,1
2916,-526,1
2917,-3803,1
2918,-1748,1
2919,-5834,1
2920,-550,1
2921,-4664,1
2922,-2637,1
2923,-614,1
2924,-3587,1
2925,-2853,1
2926,-1532,1
2927,-1332,1
2928,-4992,1
2929,-1388,1
2930,-5482,1
2931,-910,1
2932,-2965,1
2933,-1356,1
2934,-5024,1
2935,-2981,1
2936,-3387,1
2937,-5426,1
2938,-894,1
2939,-1324,1
2940,-3371,1
2941,-5032,1
2942,-958,1
2943,-982,1
2944,-5088,1
2945,-3053,1
2946,-1006,1
2947,-5104,1
2948,-3451,1
2949,-3459,1
2950,-3579,1
2951,-2893,1
2952,-5626,1
2953,-814,1
2954,-822,1
2955,-1484,1
2956,-4936,1
2957,-1476,1
2958,-5570,1
2959,-1468,1
2960,-3515,1
2961,-1460,1
2962,-1412,1
2963,-4944,1
2964,-2909,1
2965,-5546,1
2966,-4960,1
2967,-4968,1
2968,-5538,1
2969,-1436,1
2970,-886,1
2971,-1420,1
2972,-454,1
2973,-446,1
2974,-2493,1
2975,-363,1
2976,-4529,1
2977,-4200,1
2978,-427,1
2979,-419,1
2980,-4505,1
2981,-2173,1
2982,-2444,1
2983,-379,1
2984,-2420,1
2985,-2404,1
2986,-4176,1
2987,-134,1
2988,-4449,1
2989,-4441,1
2990,-2197,1
2991,-4248,1
2992,-2213,1
2993,-2221,1
2994,-2356,1
2995,-4401,1
2996,-86,1
2997,-70,1
2998,-2229,1
2999,-2031,1
3000,-1991,1
3001,-579,1
3002,-4040,1
3003,-2620,1
3004,-571,1
3005,-4048,1
3006,-4072,1
3007,-4649,1
3008,-2588,1
3009,-4088,1
3010,-4545,1
3011,-2053,1
3012,-2564,1
3013,-2548,1
3014,-22,1
3015,-4593,1
3016,-30,1
3017,-2532,1
3018,-4569,1
3019,-2101,1
3020,-4272,1
3021,-4385,1
3022,-2485,1
3023,-2052,1
3024,-2373,1
3025,-2132,1
3026,-2108,1
3027,-2100,1
3028,-43,1
3029,-4137,1
3030,-2405,1
3031,-398,1
3032,-4113,1
3033,-2044,1
3034,-99,1
3035,-4075,1
3036,-4067,1
3037,-4059,1
3038,-4520,1
3039,-4528,1
3040,-1988,1
3041,-4035,1
3042,-1980,1
3043,-1964,1
3044,-4408,1
3045,-4400,1
3046,-275,1
3047,-2301,1
3048,-2245,1
3049,-206,1
3050,-214,1
3051,-4329,1
3052,-2268,1
3053,-4313,1
3054,-211,1
3055,-222,1
3056,-4320,1
3057,-2228,1
3058,-2349,1
3059,-2309,1
3060,-2212,1
3061,-262,1
3062,-2317,1
3063,-4376,1
3064,-294,1
3065,-4217,1
3066,-4392,1
3067,-4209,1
3068,-4066,1
